<?xml version="1.0" encoding="UTF-8"?>
<project-private xmlns="http://www.netbeans.org/ns/project-private/1">
    <editor-bookmarks xmlns="http://www.netbeans.org/ns/editor-bookmarks/2" lastBookmarkId="0"/>
    <open-files xmlns="http://www.netbeans.org/ns/projectui-open-files/2">
        <group>
            <file>file:/C:/Users/caunh/Documents/GitHub/PRJ301_Assignment-/Assignment_HE176302/src/java/controller/Lecturer/TimeTableController.java</file>
            <file>file:/C:/Users/caunh/Documents/GitHub/PRJ301_Assignment-/Assignment_HE176302/src/java/dal/AccountDBContext.java</file>
            <file>file:/C:/Users/caunh/Documents/GitHub/PRJ301_Assignment-/Assignment_HE176302/web/homelecturer.jsp</file>
            <file>file:/C:/Users/caunh/Documents/GitHub/PRJ301_Assignment-/Assignment_HE176302/web/view/student/schedule.jsp</file>
            <file>file:/C:/Users/caunh/Documents/GitHub/PRJ301_Assignment-/Assignment_HE176302/src/java/entity/Account.java</file>
            <file>file:/C:/Users/caunh/Documents/GitHub/PRJ301_Assignment-/Assignment_HE176302/src/java/controller/Authentication/LoginController.java</file>
            <file>file:/C:/Users/caunh/Documents/GitHub/PRJ301_Assignment-/Assignment_HE176302/src/java/controller/Authentication/HomeStudent.java</file>
            <file>file:/C:/Users/caunh/Documents/GitHub/PRJ301_Assignment-/Assignment_HE176302/src/java/controller/Authentication/LogoutController.java</file>
            <file>file:/C:/Users/caunh/Documents/GitHub/PRJ301_Assignment-/Assignment_HE176302/src/java/controller/Student/ScheduleController.java</file>
            <file>file:/C:/Users/caunh/Documents/GitHub/PRJ301_Assignment-/Assignment_HE176302/web/homestudent.jsp</file>
            <file>file:/C:/Users/caunh/Documents/GitHub/PRJ301_Assignment-/Assignment_HE176302/src/java/controller/Authentication/HomeLecturer.java</file>
            <file>file:/C:/Users/caunh/Documents/GitHub/PRJ301_Assignment-/Assignment_HE176302/web/authentication/login.jsp</file>
        </group>
    </open-files>
</project-private>
